,eventname,EventLongName,coordinates
0,bushy,Bushy parkrun,"[-0.335791, 51.410992]"
1,wimbledon,Wimbledon Common parkrun,"[-0.232215, 51.442078]"
2,banstead,Banstead Woods parkrun,"[-0.184225, 51.307648]"
3,richmond,Richmond parkrun,"[-0.292886, 51.451962]"
4,woodhousemoor,Woodhouse Moor parkrun,"[-1.560059, 53.808582]"
5,bramhall,Bramhall parkrun,"[-2.160702, 53.374268]"
6,brighton,Brighton & Hove parkrun,"[-0.172498, 50.84214]"
7,cardiff,Cardiff parkrun,"[-3.207107, 51.49736]"
8,albert,"Albert parkrun, Middlesbrough","[-1.231788, 54.564972]"
9,basingstoke,Basingstoke parkrun,"[-1.082035, 51.258831]"
10,pollok,"Pollok parkrun, Glasgow","[-4.307882, 55.82992]"
11,gorleston,Gorleston Cliffs parkrun,"[1.73069, 52.567806]"
12,bedfont,Bedfont Lakes parkrun,"[-0.451523, 51.440762]"
13,heaton,Heaton parkrun,"[-2.256263, 53.531975]"
14,roundshaw,Roundshaw Downs parkrun,"[-0.11872, 51.352253]"
15,reading,Reading parkrun,"[-0.941573, 51.460384]"
16,woodbank,Woodbank parkrun,"[-2.130945, 53.408405]"
17,blackpark,Black Park parkrun,"[-0.5476, 51.540329]"
18,silksworth,Silksworth parkrun,"[-1.409099, 54.883911]"
19,finsbury,Finsbury parkrun,"[-0.104145, 51.569595]"
20,edinburgh,Edinburgh parkrun,"[-3.291585, 55.978806]"
21,bromley,Bromley parkrun,"[0.022874, 51.386539]"
22,southmanchester,South Manchester parkrun,"[-2.224689, 53.446072]"
23,bexley,Bexley parkrun,"[0.113254, 51.455132]"
24,wakefieldthornes,Wakefield Thornes parkrun,"[-1.509682, 53.672488]"
25,harrow,Harrow parkrun,"[-0.342734, 51.581781]"
26,hull,Hull parkrun,"[-0.300708, 53.764645]"
27,hadleigh,"Hadleigh parkrun, Essex","[0.59606, 51.549769]"
28,banbury,Banbury parkrun,"[-1.332318, 52.068807]"
29,eastbourne,Eastbourne parkrun,"[0.290451, 50.806248]"
30,aberdeen,Aberdeen parkrun,"[-2.086256, 57.173898]"
31,grovelands,"Grovelands parkrun, Enfield","[-0.113769, 51.633076]"
32,lutonwardown,Luton Wardown parkrun,"[-0.420917, 51.889853]"
33,basildon,Basildon parkrun,"[0.499615, 51.577778]"
34,plean,Plean parkrun,"[-3.881607, 56.057791]"
35,kingsway,"Kingsway parkrun, Gloucester","[-2.272804, 51.821487]"
36,frimleylodge,Frimley Lodge parkrun,"[-0.724851, 51.298622]"
37,ashtoncourt,Ashton Court parkrun,"[-2.639948, 51.443592]"
38,hackneymarshes,Hackney Marshes parkrun,"[-0.025368, 51.553686]"
39,greenwich,Greenwich parkrun,"[0.075155, 51.449459]"
40,tamartrails,Tamar Trails parkrun,"[-4.201763, 50.535163]"
41,olddeerpark,Old Deer Park parkrun,"[-0.306973, 51.464417]"
42,townmoor,Town Moor parkrun,"[-1.617143, 54.988451]"
43,colwick,Colwick parkrun,"[-1.09786, 52.945171]"
44,preston,Preston parkrun,"[-2.703902, 53.751374]"
45,southampton,Southampton parkrun,"[-1.407766, 50.923624]"
46,lydiard,Lydiard parkrun,"[-1.853621, 51.561489]"
47,rostrevor,Rostrevor parkrun,"[-6.193448, 54.099486]"
48,andover,Andover parkrun,"[-1.512766, 51.221092]"
49,prudhoeriverside,Prudhoe Riverside parkrun,"[-1.863141, 54.968071]"
50,forestofdean,Forest of Dean parkrun,"[-2.605219, 51.808701]"
51,coventry,Coventry parkrun,"[-1.524026, 52.39172]"
52,guildford,Guildford parkrun,"[-0.562062, 51.247383]"
53,hampsteadheath,Hampstead Heath parkrun,"[-0.168185, 51.558598]"
54,ipswich,Ipswich parkrun,"[1.116032, 52.050923]"
55,kingston,Kingston parkrun,"[-0.309516, 51.426567]"
56,brockwell,"Brockwell parkrun, Herne Hill","[-0.105464, 51.452538]"
57,leamington,Leamington parkrun,"[-1.504655, 52.28714]"
58,cannockchase,Cannock Chase parkrun,"[-1.99542, 52.73744]"
59,maidstoneriverpark,Maidstone River Park parkrun,"[0.507689, 51.29641]"
60,oxford,Oxford parkrun,"[-1.262419, 51.790901]"
61,plymvalley,Plymvalley parkrun,"[-4.079618, 50.409091]"
62,trelissick,Trelissick parkrun,"[-5.02826, 50.217331]"
63,riverfront,Riverfront parkrun,"[-2.993317, 51.588559]"
64,endcliffe,Endcliffe parkrun,"[-1.507364, 53.368631]"
65,hyndburn,Hyndburn parkrun,"[-2.376734, 53.781711]"
66,southsea,Southsea parkrun,"[-1.046276, 50.785432]"
67,stalbans,St Albans parkrun,"[-0.355371, 51.75193]"
68,york,York parkrun,"[-1.101379, 53.935375]"
69,havant,Havant parkrun,"[-0.975565, 50.875771]"
70,rugby,Rugby parkrun,"[-1.238464, 52.37318]"
71,beckenhamplace,Beckenham Place parkrun,"[-0.01959, 51.41853]"
72,whiteley,Whiteley parkrun,"[-1.250819, 50.884669]"
73,norwich,Norwich parkrun,"[1.255682, 52.620422]"
74,torbayvelopark,Torbay Velopark parkrun,"[-3.564297, 50.423441]"
75,ashford,Ashford parkrun,"[0.864218, 51.14347]"
76,braunstone,Braunstone parkrun,"[-1.178681, 52.626129]"
77,oldham,Oldham parkrun,"[-2.104118, 53.534187]"
78,rodingvalley,Roding Valley parkrun,"[0.066415, 51.638607]"
79,bedford,Bedford parkrun,"[-0.459366, 52.148125]"
80,millom,Millom parkrun,"[-3.26996, 54.21399]"
81,dudley,Dudley parkrun,"[-2.134568, 52.490027]"
82,bestwoodvillage,Bestwood Village parkrun,"[-1.171188, 53.022132]"
83,miltonkeynes,Milton Keynes parkrun,"[-0.722984, 52.05011]"
84,hyde,Hyde parkrun,"[-2.076554, 53.45713]"
85,phoenix,Phoenix parkrun,"[-2.681623, 53.337865]"
86,knowsley,Knowsley parkrun,"[-2.811654, 53.411116]"
87,newtown,Newtown parkrun,"[-3.319012, 52.514658]"
88,bathskyline,Bath Skyline parkrun,"[-2.338425, 51.364717]"
89,moorsvalley,Moors Valley parkrun,"[-1.849419, 50.85124]"
90,shipleycountry,Shipley Country parkrun,"[-1.359978, 53.008339]"
91,rickmansworth,Rickmansworth parkrun,"[-0.47589, 51.633087]"
92,highburyfields,Highbury Fields parkrun,"[-0.102884, 51.546959]"
93,halifax,Halifax parkrun,"[-1.873871, 53.731746]"
94,miltoncountry,Milton Country parkrun,"[0.161906, 52.236675]"
95,listerpark,"Lister Park parkrun, Bradford","[-1.775102, 53.814575]"
96,canterbury,Canterbury parkrun,"[1.057002, 51.299468]"
97,nonsuch,Nonsuch parkrun,"[-0.231078, 51.356926]"
98,sthelens,St Helens parkrun,"[-2.744088, 53.46322]"
99,royaltunbridgewells,Royal Tunbridge Wells parkrun,"[0.284851, 51.133614]"
100,sheptonmallet,Shepton Mallet parkrun,"[-2.542461, 51.187513]"
101,eastleigh,Eastleigh parkrun,"[-1.374032, 50.971433]"
102,boston,Boston parkrun,"[-0.038556, 52.990156]"
103,lincoln,Lincoln parkrun,"[-0.560904, 53.208848]"
104,pontefract,Pontefract parkrun,"[-1.325197, 53.697922]"
105,rosliston,Rosliston parkrun,"[-1.639681, 52.754526]"
106,crystalpalace,Crystal Palace parkrun,"[-0.065703, 51.419846]"
107,carlisle,Carlisle parkrun,"[-2.963455, 54.886025]"
108,whitleybay,Whitley Bay parkrun,"[-1.448736, 55.048875]"
109,aviemore,Aviemore parkrun,"[-3.818635, 57.205275]"
110,strathclyde,Strathclyde parkrun,"[-4.031425, 55.789631]"
111,camperdown,"Camperdown parkrun, Dundee","[-3.030896, 56.483681]"
112,minehead,Minehead parkrun,"[-3.469591, 51.207524]"
113,arrowvalley,Arrow Valley parkrun,"[-1.906573, 52.29362]"
114,waterworks,"Waterworks parkrun, Belfast","[-5.942613, 54.619299]"
115,peacehaven,Peacehaven parkrun,"[0.012418, 50.794092]"
116,bournemouth,Bournemouth parkrun,"[-1.832732, 50.73362]"
117,mansfield,Mansfield parkrun,"[-1.183844, 53.174034]"
118,brueton,Brueton parkrun,"[-1.764593, 52.406754]"
119,eglinton,Eglinton parkrun,"[-4.669662, 55.643935]"
120,northampton,Northampton parkrun,"[-0.884445, 52.248143]"
121,markeaton,Markeaton parkrun,"[-1.504769, 52.935408]"
122,valentines,Valentines parkrun,"[0.07198, 51.56749]"
123,oakhill,Oak Hill parkrun,"[-0.153744, 51.637718]"
124,greenock,Greenock parkrun,"[-4.767348, 55.956525]"
125,colchestercastle,Colchester Castle parkrun,"[0.902724, 51.89167]"
126,cannonhill,"Cannon Hill parkrun, Birmingham","[-1.89997, 52.452637]"
127,lloyd,"Lloyd parkrun, Croydon","[-0.079973, 51.364807]"
128,gunnersbury,Gunnersbury parkrun,"[-0.292253, 51.499405]"
129,burnhamoncrouch,Burnham-on-Crouch parkrun,"[0.810923, 51.627409]"
130,newbury,Newbury parkrun,"[-1.292267, 51.378426]"
131,warrington,Warrington parkrun,"[-2.574685, 53.384221]"
132,stonehaven,Stonehaven parkrun,"[-2.212502, 56.969993]"
133,worcester,Worcester parkrun,"[-2.178726, 52.186989]"
134,whitstable,Whitstable parkrun,"[1.041942, 51.365295]"
135,westmill,Westmill parkrun,"[-0.060813, 51.821422]"
136,falkirk,Falkirk parkrun,"[-3.766712, 55.99543]"
137,merthyr,Merthyr parkrun,"[-3.375658, 51.73896]"
138,bracknell,Bracknell parkrun,"[-0.776844, 51.390248]"
139,brierleyforest,Brierley Forest parkrun,"[-1.295214, 53.131155]"
140,harrogate,Harrogate parkrun,"[-1.521435, 53.992428]"
141,montrose,Montrose parkrun,"[-2.455223, 56.726297]"
142,lymingtonwoodside,Lymington Woodside parkrun,"[-1.54548, 50.747747]"
143,southnorwood,South Norwood parkrun,"[-0.059908, 51.396111]"
144,southport,Southport parkrun,"[-2.985341, 53.656276]"
145,wolverhampton,Wolverhampton parkrun,"[-2.140875, 52.588775]"
146,gloucesternorth,Gloucester North parkrun,"[-2.231707, 51.878304]"
147,perth,Perth parkrun,"[-3.435422, 56.40515]"
148,worcesterpitchcroft,Worcester Pitchcroft parkrun,"[-2.231964, 52.201513]"
149,newport,Newport parkrun,"[-3.030939, 51.559479]"
150,congleton,Congleton parkrun,"[-2.229795, 53.160781]"
151,wansteadflats,Wanstead Flats parkrun,"[0.014977, 51.56078]"
152,durham,Durham parkrun,"[-1.558852, 54.767605]"
153,poole,Poole parkrun,"[-1.968876, 50.720348]"
154,henleyonthames,Henley-on-Thames parkrun,"[-0.919288, 51.531978]"
155,derrycity,Derry City parkrun,"[-7.318933, 55.006966]"
156,killerton,Killerton parkrun,"[-3.455007, 50.792835]"
157,barnsley,Barnsley parkrun,"[-1.486115, 53.544369]"
158,riddlesdown,Riddlesdown parkrun,"[-0.079549, 51.318485]"
159,chester,Chester parkrun,"[-2.902368, 53.207796]"
160,kettering,Kettering parkrun,"[-0.710653, 52.384226]"
161,burystedmunds,Bury St Edmunds parkrun,"[0.730183, 52.224887]"
162,marketharborough,Market Harborough parkrun,"[-0.924979, 52.474487]"
163,rothwell,Rothwell parkrun,"[-1.473456, 53.750032]"
164,gateshead,Gateshead parkrun,"[-1.602094, 54.944733]"
165,standrews,St Andrews parkrun,"[-2.838234, 56.317711]"
166,nobles,Nobles parkrun,"[-4.480834, 54.166432]"
167,walsall,Walsall Arboretum parkrun,"[-1.966252, 52.58725]"
168,penningtonflash,Pennington Flash parkrun,"[-2.542745, 53.491608]"
169,pymmes,Pymmes parkrun,"[-0.066953, 51.61887]"
170,princes,"Princes parkrun, Liverpool","[-2.956975, 53.386456]"
171,huddersfield,Huddersfield parkrun,"[-1.800685, 53.650608]"
172,maesteg,Maesteg parkrun,"[-3.665573, 51.609499]"
173,longeaton,Long Eaton parkrun,"[-1.285853, 52.895155]"
174,uptonhouse,Upton House parkrun,"[-2.013428, 50.734891]"
175,medina,Medina I.O.W. parkrun,"[-1.285714, 50.71332]"
176,bolton,Bolton parkrun,"[-2.395615, 53.574715]"
177,edenproject,Eden Project parkrun,"[-4.74285, 50.358315]"
178,raphael,Raphael parkrun,"[0.19249, 51.585798]"
179,ferrymeadows,Ferry Meadows parkrun,"[-0.308132, 52.565563]"
180,maldonprom,Maldon Prom parkrun,"[0.68877, 51.726742]"
181,normanbyhall,Normanby Hall parkrun,"[-0.659924, 53.638407]"
182,billericay,Billericay parkrun,"[0.417446, 51.632966]"
183,winchester,Winchester parkrun,"[-1.310849, 51.069286]"
184,wycomberye,Wycombe Rye parkrun,"[-0.74009, 51.62337]"
185,stevenage,Stevenage parkrun,"[-0.17993, 51.902634]"
186,conkers,Conkers parkrun,"[-1.543021, 52.739475]"
187,barnstaple,Barnstaple parkrun,"[-4.053612, 51.072561]"
188,concord,"Concord parkrun, Sheffield","[-1.441612, 53.424007]"
189,abingdon,Abingdon parkrun,"[-1.277429, 51.667957]"
190,linfordwood,Linford Wood parkrun,"[-0.760168, 52.05864]"
191,gunpowder,Gunpowder parkrun,"[-0.000831, 51.676037]"
192,belfastvictoria,Belfast Victoria parkrun,"[-5.881573, 54.608785]"
193,sandwellvalley,Sandwell Valley parkrun,"[-1.97579, 52.521531]"
194,roundhay,Roundhay parkrun,"[-1.496007, 53.83828]"
195,horsham,Horsham parkrun,"[-0.348578, 51.022415]"
196,allypally,Ally Pally parkrun,"[-0.12233, 51.595936]"
197,wormwoodscrubs,Wormwood Scrubs parkrun,"[-0.238523, 51.520412]"
198,barrow,Barrow parkrun,"[-3.218855, 54.117706]"
199,thornbury,Thornbury parkrun,"[-2.530114, 51.606368]"
200,eastville,Eastville parkrun,"[-2.554304, 51.475453]"
201,hoblingwell,Hoblingwell parkrun,"[0.098847, 51.400981]"
202,wythenshawe,Wythenshawe parkrun,"[-2.288139, 53.405502]"
203,ecos,"Ecos parkrun, Ballymena","[-6.259117, 54.867371]"
204,kingslynn,King’s Lynn parkrun,"[0.407446, 52.752762]"
205,southwickcountrypark,Southwick Country parkrun,"[-2.234092, 51.306461]"
206,windynook,Windy Nook parkrun,"[-1.563025, 54.940189]"
207,hanley,Hanley parkrun,"[-2.175164, 53.012501]"
208,colneylane,Colney Lane parkrun,"[1.22519, 52.621317]"
209,troon,Troon parkrun,"[-4.670058, 55.541413]"
210,vogrie,Vogrie parkrun,"[-2.995012, 55.856879]"
211,southend,Southend parkrun,"[0.787526, 51.523431]"
212,sewerby,Sewerby parkrun,"[-0.160761, 54.103268]"
213,ayr,Ayr parkrun,"[-4.624316, 55.436189]"
214,mileend,Mile End parkrun,"[-0.033946, 51.518169]"
215,dulwich,Dulwich parkrun,"[-0.079206, 51.443869]"
216,stonehouse,Stonehouse parkrun,"[-2.287804, 51.752554]"
217,chippenham,Chippenham parkrun,"[-2.113119, 51.460469]"
218,bressay,Bressay parkrun,"[-1.119683, 60.158081]"
219,queens,"Queen’s parkrun, Belfast","[-5.963387, 54.555092]"
220,falls,"Falls parkrun, Belfast","[-5.978879, 54.586363]"
221,worsleywoods,Worsley Woods parkrun,"[-2.359056, 53.494328]"
222,sedgefield,Sedgefield parkrun,"[-1.466289, 54.653008]"
223,houghtonhall,Houghton Hall parkrun,"[-0.510046, 51.90155]"
224,redcar,Redcar parkrun,"[-1.07902, 54.615225]"
225,livingston,Livingston parkrun,"[-3.518828, 55.886797]"
226,gadebridge,Gadebridge parkrun,"[-0.473542, 51.758909]"
227,netleyabbey,Netley Abbey parkrun,"[-1.334453, 50.865345]"
228,marple,Marple parkrun,"[-2.056509, 53.404476]"
229,portrush,Portrush parkrun,"[-6.648788, 55.204638]"
230,graves,Graves parkrun,"[-1.464657, 53.338906]"
231,wallace,"Wallace parkrun, Lisburn","[-6.036816, 54.516511]"
232,tilgate,Tilgate parkrun,"[-0.175623, 51.097]"
233,beckton,Beckton parkrun,"[0.046542, 51.51176]"
234,brynbach,Bryn Bach parkrun,"[-3.269548, 51.781621]"
235,burnley,Burnley parkrun,"[-2.221555, 53.77834]"
236,blackhill,Blackhill parkrun,"[-1.842366, 54.858315]"
237,riverside,Riverside parkrun,"[-1.563277, 54.853983]"
238,citypark,"Citypark parkrun, Craigavon","[-6.386002, 54.451093]"
239,dewsbury,Dewsbury parkrun,"[-1.646237, 53.688239]"
240,gladstone,Gladstone parkrun,"[-0.228223, 51.556982]"
241,crane,Crane Park parkrun,"[-0.372075, 51.441168]"
242,hillyfields,Hilly Fields parkrun,"[-0.025019, 51.460143]"
243,burgess,Burgess parkrun,"[-0.081024, 51.484536]"
244,stewart,"Stewart parkrun, Middlesbrough","[-1.203561, 54.53809]"
245,darlingtonsouthpark,Darlington South Park parkrun,"[-1.560531, 54.51484]"
246,orpington,Orpington parkrun,"[0.117224, 51.365283]"
247,barking,Barking parkrun,"[0.087312, 51.545894]"
248,aliceholt,Alice Holt parkrun,"[-0.836903, 51.16858]"
249,peterpan,Peter Pan parkrun,"[-0.402181, 53.73833]"
250,southshields,South Shields parkrun,"[-1.408052, 54.995687]"
251,goole,Goole parkrun,"[-0.891098, 53.710492]"
252,rushcliffe,Rushcliffe parkrun,"[-1.149104, 52.882497]"
253,burnage,Burnage parkrun,"[-2.209185, 53.407152]"
254,wotton,Wotton parkrun,"[-2.368786, 51.633149]"
255,homewood,Homewood parkrun,"[-0.539078, 51.366808]"
256,aberystwyth,Aberystwyth parkrun,"[-4.080401, 52.414546]"
257,woodley,Woodley parkrun,"[-0.903669, 51.45418]"
258,sheringham,Sheringham parkrun,"[1.180601, 52.928775]"
259,uptoncourt,Upton Court parkrun,"[-0.577525, 51.49616]"
260,chelmsfordcentral,Chelmsford Central parkrun,"[0.464945, 51.732577]"
261,harrowlodge,Harrow Lodge parkrun,"[0.200715, 51.555606]"
262,brockenhurst,Brockenhurst parkrun,"[-1.642492, 50.808103]"
263,linwood,Linwood parkrun,"[-4.505078, 55.854033]"
264,wimpoleestate,Wimpole Estate parkrun,"[-0.047207, 52.140442]"
265,delamere,Delamere parkrun,"[-2.68796, 53.239537]"
266,cheltenham,Cheltenham parkrun,"[-2.07824, 51.911754]"
267,aylesbury,Aylesbury parkrun,"[-0.838394, 51.83162]"
268,newent,Newent parkrun,"[-2.410056, 51.926515]"
269,hackworth,Hackworth parkrun,"[-1.644945, 54.628071]"
270,hartlepool,Hartlepool parkrun,"[-1.195128, 54.686937]"
271,telford,Telford parkrun,"[-2.447934, 52.67123]"
272,walthamstow,Walthamstow parkrun,"[-0.007854, 51.602666]"
273,huntingdon,Huntingdon parkrun,"[-0.213662, 52.330591]"
274,brandoncountrypark,Brandon Country Park parkrun,"[0.625877, 52.436339]"
275,thetford,Thetford parkrun,"[0.743766, 52.4156]"
276,llynllechowain,Llyn Llech Owain parkrun,"[-4.080563, 51.812913]"
277,templenewsam,Temple Newsam parkrun,"[-1.456461, 53.784781]"
278,southwark,Southwark parkrun,"[-0.053151, 51.494242]"
279,crichton,Crichton parkrun,"[-3.594589, 55.050773]"
280,scunthorpe,Scunthorpe parkrun,"[-0.656476, 53.581755]"
281,rotherham,Rotherham parkrun,"[-1.343218, 53.430538]"
282,rothervalley,Rother Valley parkrun,"[-1.320226, 53.341508]"
283,forestrec,Forest Rec parkrun,"[-1.159766, 52.965352]"
284,enniskillen,Enniskillen parkrun,"[-7.642293, 54.343834]"
285,crossflatts,Cross Flatts parkrun,"[-1.55757, 53.775754]"
286,hillsborough,Hillsborough parkrun,"[-1.501973, 53.408457]"
287,kingsburywater,Kingsbury Water parkrun,"[-1.698718, 52.561983]"
288,ganavansands,Ganavan Sands parkrun,"[-5.469021, 56.437766]"
289,pontypridd,Pontypridd parkrun,"[-3.339028, 51.602009]"
290,porthcawl,Porthcawl parkrun,"[-3.705976, 51.476331]"
291,didcot,Didcot parkrun,"[-1.239, 51.612792]"
292,clair,Clair parkrun,"[-0.100143, 51.004322]"
293,margate,Margate parkrun,"[1.403997, 51.39207]"
294,pegwellbay,Pegwell Bay parkrun,"[1.361446, 51.320957]"
295,chippingsodbury,Chipping Sodbury parkrun,"[-2.397165, 51.544366]"
296,newbigginbythesea,Newbiggin-by-the-Sea parkrun,"[-1.505386, 55.185215]"
297,prestonpark,"Preston Park parkrun, Brighton","[-0.148616, 50.841557]"
298,eastgrinstead,East Grinstead parkrun,"[0.001373, 51.129008]"
299,shornewoods,Shorne Woods parkrun,"[0.418618, 51.404426]"
300,musacookstown,MUSA Cookstown parkrun,"[-6.735656, 54.615093]"
301,tollcross,"Tollcross parkrun, Glasgow","[-4.179461, 55.847494]"
302,penallta,Penallta parkrun,"[-3.245679, 51.644889]"
303,queenelizabeth,Queen Elizabeth parkrun,"[-0.978384, 50.956372]"
304,clactonseafront,Clacton Seafront parkrun,"[1.142974, 51.781574]"
305,omagh,Omagh parkrun,"[-7.296222, 54.602837]"
306,newark,Newark parkrun,"[-0.81905, 53.070031]"
307,clumberpark,Clumber Park parkrun,"[-1.065717, 53.268022]"
308,workington,Workington parkrun,"[-3.539767, 54.647169]"
309,seaton,Seaton parkrun,"[-3.072064, 50.703349]"
310,canonspark,Canons Park parkrun,"[-0.296184, 51.612291]"
311,ormeau,Ormeau parkrun,"[-5.914786, 54.588374]"
312,antrim,Antrim parkrun,"[-6.238818, 54.717078]"
313,sheffieldcastle,Sheffield Castle parkrun,"[-1.436827, 53.366782]"
314,osterley,Osterley parkrun,"[-0.349889, 51.489403]"
315,skipton,Skipton parkrun,"[-2.030004, 53.961331]"
316,shrewsbury,Shrewsbury parkrun,"[-2.75921, 52.706942]"
317,sandallpark,Sandall Park parkrun,"[-1.089474, 53.544969]"
318,weymouth,Weymouth parkrun,"[-2.447795, 50.625242]"
319,corby,Corby parkrun,"[-0.691774, 52.493879]"
320,flattslane,Flatts Lane parkrun,"[-1.151741, 54.543872]"
321,clarecastle,Clare Castle parkrun,"[0.581882, 52.076428]"
322,haverfordwest,Haverfordwest parkrun,"[-4.992836, 51.797163]"
323,victoria,"Victoria parkrun, Glasgow","[-4.332347, 55.877504]"
324,castlewellan,Castlewellan parkrun,"[-5.95386, 54.262147]"
325,brentwood,Brentwood parkrun,"[0.266879, 51.622582]"
326,catton,Catton parkrun,"[1.295507, 52.656696]"
327,hazlehead,"Hazlehead parkrun, Aberdeen","[-2.175647, 57.141371]"
328,armagh,Armagh parkrun,"[-6.652951, 54.339812]"
329,larne,Larne parkrun,"[-5.843595, 54.88843]"
330,alness,Alness parkrun,"[-4.256669, 57.694306]"
331,fulhampalace,Fulham Palace parkrun,"[-0.218493, 51.472465]"
332,greatlines,"Great Lines parkrun, Medway","[0.541334, 51.388527]"
333,longrunmeadow,Longrun Meadow parkrun,"[-3.114989, 51.018755]"
334,northalafields,Northala Fields parkrun,"[-0.376711, 51.541272]"
335,tonbridge,Tonbridge parkrun,"[0.270174, 51.197605]"
336,blickling,Blickling parkrun,"[1.221671, 52.813653]"
337,pontypool,Pontypool parkrun,"[-3.028573, 51.699213]"
338,pomphreyhill,Pomphrey Hill parkrun,"[-2.47805, 51.479321]"
339,ruchill,Ruchill parkrun,"[-4.276162, 55.884538]"
340,carrickfergus,Carrickfergus parkrun,"[-5.805285, 54.719992]"
341,fountainsabbey,Fountains Abbey parkrun,"[-1.581983, 54.110196]"
342,kirkcaldy,Kirkcaldy parkrun,"[-3.169549, 56.104087]"
343,lanhydrock,Lanhydrock parkrun,"[-4.69614, 50.441131]"
344,penrith,Penrith parkrun,"[-2.720532, 54.658026]"
345,greatcornard,Great Cornard parkrun,"[0.751362, 52.02463]"
346,risingsun,Rising Sun parkrun,"[-1.532028, 55.01998]"
347,beeston,Beeston parkrun,"[-1.201737, 52.913592]"
348,bangor,"Bangor parkrun, Northern Ireland","[-5.661693, 54.660024]"
349,ormskirk,Ormskirk parkrun,"[-2.868097, 53.559245]"
350,lymepark,Lyme Park parkrun,"[-2.058402, 53.337193]"
351,reigatepriory,Reigate Priory parkrun,"[-0.208644, 51.23435]"
352,cleethorpes,Cleethorpes parkrun,"[-0.025384, 53.541552]"
353,keswick,Keswick parkrun,"[-3.129497, 54.603863]"
354,springburn,"Springburn parkrun, Glasgow","[-4.224823, 55.889857]"
355,parke,Parke parkrun,"[-3.686562, 50.59305]"
356,rushmoor,Rushmoor parkrun,"[-0.755847, 51.265798]"
357,buckingham,Buckingham parkrun,"[-0.984462, 51.998987]"
358,druridgebay,Druridge Bay parkrun,"[-1.572348, 55.292765]"
359,humberbridge,Humber Bridge parkrun,"[-0.453352, 53.71723]"
360,pendle,Pendle parkrun,"[-2.18011, 53.863571]"
361,bognorregis,Bognor Regis parkrun,"[-0.668305, 50.786913]"
362,cheadlehulme,Cheadle Hulme parkrun,"[-2.210652, 53.379026]"
363,peckhamrye,Peckham Rye parkrun,"[-0.060688, 51.455486]"
364,watergrove,"Watergrove parkrun, Rochdale","[-2.131777, 53.657034]"
365,comber,Comber parkrun,"[-5.740415, 54.549593]"
366,wetherby,Wetherby parkrun,"[-1.392197, 53.925673]"
367,portobello,"Portobello parkrun, Edinburgh","[-3.122656, 55.950689]"
368,oakwellhall,Oakwell Hall parkrun,"[-1.671596, 53.739437]"
369,colby,Colby parkrun,"[-4.669924, 51.74064]"
370,greatnotley,Great Notley parkrun,"[0.51584, 51.864147]"
371,woking,Woking parkrun,"[-0.556204, 51.311708]"
372,cranleigh,Cranleigh parkrun,"[-0.49151, 51.13819]"
373,blandford,Blandford parkrun,"[-2.16627, 50.863122]"
374,exeterriverside,Exeter Riverside parkrun,"[-3.525833, 50.713762]"
375,whinlatterforest,Whinlatter Forest parkrun,"[-3.22446, 54.610017]"
376,chichester,Chichester parkrun,"[-0.777535, 50.846182]"
377,nostell,Nostell parkrun,"[-1.381241, 53.650212]"
378,dartford,Dartford parkrun,"[0.220166, 51.439141]"
379,valley,"Valley parkrun, Newtownabbey","[-5.928342, 54.659949]"
380,folkestone,Folkestone parkrun,"[1.172753, 51.075729]"
381,kesgrave,Kesgrave parkrun,"[1.257741, 52.058138]"
382,hereford,Hereford parkrun,"[-2.724152, 52.068892]"
383,tamarlakes,Tamar Lakes parkrun,"[-4.433418, 50.879837]"
384,fellfoot,"Fell Foot parkrun, Newby Bridge","[-2.952259, 54.274736]"
385,panshanger,Panshanger parkrun,"[-0.138723, 51.798644]"
386,ellesmereport,Ellesmere Port parkrun,"[-2.902542, 53.272524]"
387,penrhyn,Penrhyn parkrun,"[-4.094495, 53.226852]"
388,harcourthill,Harcourt Hill parkrun,"[-1.295191, 51.739369]"
389,harlow,Harlow parkrun,"[0.103624, 51.77766]"
390,perryhall,Perry Hall parkrun,"[-1.911825, 52.52486]"
391,daventry,Daventry parkrun,"[-1.15732, 52.262374]"
392,conwy,Conwy parkrun,"[-3.808966, 53.279388]"
393,meltonmowbray,Melton Mowbray parkrun,"[-0.879068, 52.780002]"
394,maidenhead,Maidenhead parkrun,"[-0.712135, 51.51095]"
395,hockleywoods,Hockley Woods parkrun,"[0.64912, 51.596133]"
396,widnes,Widnes parkrun,"[-2.730069, 53.374508]"
397,northallerton,Northallerton parkrun,"[-1.435519, 54.348466]"
398,southoxhey,South Oxhey parkrun,"[-0.393135, 51.631433]"
399,limavady,Limavady parkrun,"[-6.944777, 55.047128]"
400,cassiobury,Cassiobury parkrun,"[-0.406335, 51.657677]"
401,penrose,Penrose parkrun,"[-5.281819, 50.096824]"
402,evesham,Evesham parkrun,"[-1.958122, 52.090191]"
403,croxtethhall,Croxteth Hall parkrun,"[-2.891774, 53.44217]"
404,hastings,Hastings parkrun,"[0.539739, 50.850291]"
405,wilmslow,Wilmslow parkrun,"[-2.231588, 53.331288]"
406,barryisland,Barry Island parkrun,"[-3.271371, 51.390202]"
407,lullingstone,Lullingstone parkrun,"[0.187147, 51.353118]"
408,stamfordpark,Stamford Park parkrun,"[-2.066163, 53.490901]"
409,burnhamandhighbridge,Burnham and Highbridge parkrun,"[-2.990243, 51.226679]"
410,hortonpark,Horton Park parkrun,"[-1.77538, 53.782455]"
411,barclay,Barclay parkrun,"[-0.019442, 51.759056]"
412,brundall,Brundall parkrun,"[1.417369, 52.624133]"
413,salisbury,Salisbury parkrun,"[-1.789858, 51.061528]"
414,bramley,Bramley parkrun,"[-1.633461, 53.813432]"
415,dunfermline,Dunfermline parkrun,"[-3.470694, 56.070684]"
416,heslington,Heslington parkrun,"[-1.01799, 53.949319]"
417,gedling,Gedling parkrun,"[-1.087124, 52.993919]"
418,aldenham,Aldenham parkrun,"[-0.316507, 51.647953]"
419,hovepromenade,Hove Promenade parkrun,"[-0.166594, 50.823391]"
420,tewkesbury,Tewkesbury parkrun,"[-2.159373, 51.987666]"
421,leeonthesolent,Lee-on-the-Solent parkrun,"[-1.20383, 50.801087]"
422,birkenhead,Birkenhead parkrun,"[-3.051658, 53.394807]"
423,lowestoft,Lowestoft parkrun,"[1.747338, 52.468286]"
424,harwich,Harwich parkrun,"[1.284809, 51.938035]"
425,dartfordheath,Dartford Heath parkrun,"[0.189929, 51.435932]"
426,stormont,Stormont parkrun,"[-5.837749, 54.598318]"
427,witton,Witton parkrun,"[-2.517211, 53.74055]"
428,ellon,Ellon parkrun,"[-2.056968, 57.359262]"
429,wyreforest,Wyre Forest parkrun,"[-2.369798, 52.365002]"
430,swanseabay,Swansea Bay parkrun,"[-3.967061, 51.611029]"
431,glossop,Glossop parkrun,"[-1.939503, 53.447019]"
432,jersey,Jersey parkrun,"[-2.204124, 49.195026]"
433,grangemoor,Grangemoor parkrun,"[-3.192412, 51.454464]"
434,thurrock,"Thurrock parkrun, Orsett Heath","[0.363436, 51.491427]"
435,sherwoodpines,Sherwood Pines parkrun,"[-1.084839, 53.165828]"
436,leybournelakes,Leybourne Lakes parkrun,"[0.437343, 51.31537]"
437,colinglen,Colin Glen parkrun,"[-6.020504, 54.570723]"
438,rutlandwater,Rutland Water parkrun,"[-0.624447, 52.643712]"
439,beltonhouse,Belton House parkrun,"[-0.620021, 52.942743]"
440,holkham,Holkham parkrun,"[0.801022, 52.950159]"
441,haighwoodland,Haigh Woodland parkrun,"[-2.609519, 53.572714]"
442,rushmere,Rushmere parkrun,"[-0.674095, 51.947057]"
443,gnoll,Gnoll parkrun,"[-3.788616, 51.661114]"
444,leicestervictoria,Leicester Victoria parkrun,"[-1.121659, 52.620954]"
445,stretford,Stretford parkrun,"[-2.290281, 53.446121]"
446,crosby,Crosby parkrun,"[-3.046711, 53.48269]"
447,lythamhall,Lytham Hall parkrun,"[-2.977613, 53.744855]"
448,lydney,Lydney parkrun,"[-2.52648, 51.721613]"
449,march,March parkrun,"[0.086208, 52.550069]"
450,bevendeandown,Bevendean Down parkrun,"[-0.107027, 50.844709]"
451,lancaster,Lancaster parkrun,"[-2.781183, 54.04568]"
452,mountedgcumbe,Mount Edgcumbe parkrun,"[-4.175493, 50.357664]"
453,dolgellau,Dolgellau parkrun,"[-3.886527, 52.744574]"
454,tootingcommon,Tooting Common parkrun,"[-0.14677, 51.433342]"
455,ludlow,Ludlow parkrun,"[-2.773078, 52.353284]"
456,stratforduponavon,Stratford-upon-Avon parkrun,"[-1.701445, 52.184998]"
457,dalbyforest,Dalby Forest parkrun,"[-0.686599, 54.273821]"
458,sittingbourne,Sittingbourne parkrun,"[0.740569, 51.354976]"
459,elgin,Elgin parkrun,"[-3.313072, 57.653393]"
460,bedgeburypinetum,Bedgebury Pinetum parkrun,"[0.450168, 51.071871]"
461,portsmouthlakeside,Portsmouth Lakeside parkrun,"[-1.08157, 50.840654]"
462,bideford,Bideford parkrun,"[-4.204316, 51.024075]"
463,poolsbrook,Poolsbrook parkrun,"[-1.348842, 53.259118]"
464,worthing,Worthing parkrun,"[-0.3645, 50.810312]"
465,guernsey,Guernsey parkrun,"[-2.530312, 49.502341]"
466,fareham,Fareham parkrun,"[-1.167385, 50.848448]"
467,bicester,Bicester parkrun,"[-1.146866, 51.891101]"
468,wepre,Wepre parkrun,"[-3.056846, 53.205552]"
469,chaddertonhall,Chadderton Hall parkrun,"[-2.158552, 53.554066]"
470,erddig,Erddig parkrun,"[-3.006833, 53.027137]"
471,drumchapel,Drumchapel parkrun,"[-4.350674, 55.91688]"
472,cwmbran,Cwmbran parkrun,"[-3.013498, 51.656234]"
473,salewater,Sale Water parkrun,"[-2.294545, 53.429585]"
474,merseaisland,Mersea Island parkrun,"[0.99368, 51.79164]"
475,blackpool,Blackpool parkrun,"[-3.023114, 53.811727]"
476,castlepark,Castle Park parkrun,"[0.164165, 51.87167]"
477,selby,Selby parkrun,"[-1.078398, 53.751824]"
478,clifton,Clifton parkrun,"[-1.163033, 52.907144]"
479,melksham,Melksham parkrun,"[-2.136235, 51.377226]"
480,rogiet,Rogiet parkrun,"[-2.779965, 51.583268]"
481,monsaltrail,Monsal Trail parkrun,"[-1.675286, 53.230788]"
482,exmouth,Exmouth parkrun,"[-3.412392, 50.614697]"
483,letchworth,Letchworth parkrun,"[-0.22279, 51.999895]"
484,cirencester,Cirencester parkrun,"[-1.99109, 51.711207]"
485,llanerchaeron,Llanerchaeron parkrun,"[-4.235798, 52.220443]"
486,southwoodhamferrers,South Woodham Ferrers parkrun,"[0.613014, 51.631642]"
487,gloucestercity,Gloucester City parkrun,"[-2.243129, 51.858707]"
488,bedworth,Bedworth parkrun,"[-1.47027, 52.476054]"
489,greatdenham,Great Denham parkrun,"[-0.509062, 52.121602]"
490,crewe,Crewe parkrun,"[-2.470556, 53.097388]"
491,sixfieldsupton,Sixfields Upton parkrun,"[-0.942236, 52.228528]"
492,molevalley,Mole Valley parkrun,"[-0.330645, 51.248259]"
493,witney,Witney parkrun,"[-1.513356, 51.789974]"
494,hogmoorinclosure,Hogmoor Inclosure parkrun,"[-0.875934, 51.111681]"
495,newearswick,New Earswick parkrun,"[-1.077677, 53.99025]"
496,haverhill,Haverhill parkrun,"[0.422212, 52.076737]"
497,victoriadock,Victoria Dock parkrun,"[0.018775, 51.505363]"
498,thewammy,The Wammy parkrun,"[-2.238701, 53.017811]"
499,hazelwood,Hazelwood parkrun,"[-0.421045, 51.405783]"
500,claphamcommon,Clapham Common parkrun,"[-0.151331, 51.455873]"
501,macclesfield,Macclesfield parkrun,"[-2.1303, 53.251413]"
502,thurso,Thurso parkrun,"[-3.521554, 58.589573]"
503,felixstowe,Felixstowe parkrun,"[1.345741, 51.957778]"
504,prospect,Prospect parkrun,"[-1.00741, 51.448386]"
505,heartlands,Heartlands parkrun,"[-5.2715, 50.224177]"
506,northwich,Northwich parkrun,"[-2.510876, 53.265511]"
507,fortwilliam,Fort William parkrun,"[-4.999161, 56.851484]"
508,kirkwall,Kirkwall parkrun,"[-2.948069, 58.982282]"
509,greatdunmow,Great Dunmow parkrun,"[0.3627, 51.878681]"
510,catford,Catford parkrun,"[-0.00863, 51.44824]"
511,swaffham,Swaffham parkrun,"[0.688461, 52.638607]"
512,street,Street parkrun,"[-2.729089, 51.129515]"
513,middletonwoods,Middleton Woods parkrun,"[-1.557233, 53.751892]"
514,lochoremeadows,Lochore Meadows parkrun,"[-3.33708, 56.150699]"
515,clitheroecastle,Clitheroe Castle parkrun,"[-2.39478, 53.870346]"
516,aberdare,Aberdare parkrun,"[-3.460089, 51.718796]"
517,cotsfordfields,Cotsford Fields parkrun,"[-1.30077, 54.759499]"
518,pocket,Pocket parkrun,"[-0.275327, 52.214797]"
519,newboroughforest,Newborough Forest parkrun,"[-4.386757, 53.144163]"
520,littleport,Littleport parkrun,"[0.299342, 52.463048]"
521,armley,Armley parkrun,"[-1.590893, 53.800347]"
522,whitehaven,Whitehaven parkrun,"[-3.573636, 54.524733]"
523,dintonpastures,Dinton Pastures parkrun,"[-0.880056, 51.440292]"
524,severnbridge,Severn Bridge parkrun,"[-2.664531, 51.619014]"
525,fleetwoodpromenade,Fleetwood Promenade parkrun,"[-3.016919, 53.927366]"
526,girvanprom,Girvan Prom parkrun,"[-4.862538, 55.243994]"
527,manorfieldwhittlesey,"Manor Field parkrun, Whittlesey","[-0.125941, 52.551869]"
528,footscraymeadows,Foots Cray Meadows parkrun,"[0.133269, 51.432103]"
529,orangefield,Orangefield parkrun,"[-5.884361, 54.588509]"
530,nantypandy,Nant y Pandy parkrun,"[-4.313233, 53.257642]"
531,dishleyloughborough,"Dishley parkrun, Loughborough","[-1.234785, 52.787485]"
532,suttonpark,Sutton Park parkrun,"[-1.844552, 52.558716]"
533,lanarkmoor,Lanark Moor parkrun,"[-3.750284, 55.666318]"
534,lancingbeachgreen,Lancing Beach Green parkrun,"[-0.323792, 50.820591]"
535,lochleven,Loch Leven parkrun,"[-3.358085, 56.219434]"
536,ford,Ford parkrun,"[-3.088135, 54.198427]"
537,sizewell,Sizewell parkrun,"[1.622193, 52.210167]"
538,dungannonpark,Dungannon Park parkrun,"[-6.755359, 54.489432]"
539,higginsonmarlow,"Higginson parkrun, Marlow","[-0.779573, 51.566268]"
540,cliffecastle,Cliffe Castle parkrun,"[-1.913364, 53.874658]"
541,wendoverwoods,Wendover Woods parkrun,"[-0.716782, 51.76894]"
542,watermeadows,Watermeadows parkrun,"[-0.988391, 52.13458]"
543,walmeranddealseafront,Walmer and Deal Seafront parkrun,"[1.403179, 51.2095]"
544,marlboroughcommon,Marlborough Common parkrun,"[-1.732581, 51.42448]"
545,coldhamscommon,Coldham’s Common parkrun,"[0.158881, 52.206705]"
546,teignmouthpromenade,Teignmouth Promenade parkrun,"[-3.494987, 50.544428]"
547,henleywood,"Henley Wood parkrun, Oswestry","[-3.030368, 52.862542]"
548,aberbeeg,Aberbeeg parkrun,"[-3.144286, 51.711165]"
549,myrtle,Myrtle parkrun,"[-1.838295, 53.846344]"
550,fletchermoss,Fletcher Moss parkrun,"[-2.23551, 53.40999]"
551,haylodge,Hay Lodge parkrun,"[-3.199586, 55.651659]"
552,marketrasenracecourse,Market Rasen Racecourse parkrun,"[-0.309019, 53.380502]"
553,somerdalepavilion,Somerdale Pavilion parkrun,"[-2.495689, 51.426469]"
554,brooklands,Brooklands parkrun,"[-0.471408, 51.346969]"
555,jerseyfarm,Jersey Farm parkrun,"[-0.307978, 51.773718]"
556,potternewton,Potternewton parkrun,"[-1.526274, 53.818446]"
557,woolacombedunes,Woolacombe Dunes parkrun,"[-4.209982, 51.159264]"
558,frickleycountry,Frickley Country parkrun,"[-1.290457, 53.588573]"
559,eastbrighton,East Brighton parkrun,"[-0.099373, 50.818691]"
560,isabeltrail,Isabel Trail parkrun,"[-2.125953, 52.808242]"
561,kewwoods,Kew Woods parkrun,"[-2.995064, 53.629073]"
562,crathescastle,Crathes Castle parkrun,"[-2.440954, 57.061178]"
563,thepastures,The Pastures parkrun,"[-1.705393, 55.418455]"
564,meadowmill,Meadowmill parkrun,"[-2.966242, 55.954249]"
565,hafanpwllheli,Hafan Pwllheli parkrun,"[-4.402811, 52.888538]"
566,seafordbeach,Seaford Beach parkrun,"[0.079566, 50.778986]"
567,lochneaton,"Loch Neaton parkrun, Watton","[0.8274, 52.577558]"
568,dunstabledowns,Dunstable Downs parkrun,"[-0.537791, 51.865432]"
569,highwoods,Highwoods parkrun,"[0.917561, 51.904682]"
570,marshalldrive,"Marshall Drive parkrun, Brotton","[-0.947956, 54.574096]"
571,haldonforest,Haldon Forest parkrun,"[-3.579359, 50.653392]"
572,californiacountry,California Country parkrun,"[-0.867647, 51.379583]"
573,groe,Groe parkrun,"[-3.403113, 52.150418]"
574,centrevale,Centre Vale parkrun,"[-2.102438, 53.718272]"
575,lingwood,Lingwood parkrun,"[1.493528, 52.618901]"
576,sunnyhill,Sunny Hill parkrun,"[-0.229717, 51.598193]"
577,millenniumcountry,"Millennium Country parkrun, Forest of Marston Vale","[-0.534082, 52.065265]"
578,lochendwoods,Lochend Woods parkrun,"[-2.521501, 55.997214]"
579,snowdenfield,Snowden Field parkrun,"[-0.164731, 52.673995]"
580,penistone,Penistone parkrun,"[-1.635407, 53.526568]"
581,morecambeprom,Morecambe Prom parkrun,"[-2.885102, 54.065082]"
582,littlehamptonprom,Littlehampton Prom parkrun,"[-0.541939, 50.802284]"
583,pontybala,Pont y Bala parkrun,"[-3.593199, 52.912396]"
584,kingdom,Kingdom parkrun,"[0.162768, 51.162408]"
585,tynegreen,Tyne Green parkrun,"[-2.101526, 54.977878]"
586,blythlinks,Blyth Links parkrun,"[-1.499456, 55.106922]"
587,hanworth,Hanworth parkrun,"[-0.398287, 51.43874]"
588,sloughbottom,Sloughbottom parkrun,"[1.266994, 52.647255]"
589,uckfield,Uckfield parkrun,"[0.11306, 50.977857]"
590,conynghamhall,Conyngham Hall parkrun,"[-1.479507, 54.011758]"
591,thomasmills,Thomas Mills parkrun,"[1.325981, 52.228375]"
592,chasewater,Chasewater parkrun,"[-1.944407, 52.661987]"
593,bethlemroyalhospital,Bethlem Royal Hospital parkrun,"[-0.029969, 51.385332]"
594,tetburygoodsshed,Tetbury Goods Shed parkrun,"[-2.155818, 51.637222]"
595,polkemmetcountry,Polkemmet Country parkrun,"[-3.720256, 55.866214]"
596,alvaston,Alvaston parkrun,"[-1.440173, 52.906173]"
597,holycrosscollege,Holy Cross College parkrun,"[-7.477408, 54.815718]"
598,millfield,Millfield parkrun,"[-1.190864, 54.125154]"
599,cyclopark,Cyclopark parkrun,"[0.352561, 51.419922]"
600,severnvalleycountry,Severn Valley Country parkrun,"[-2.364842, 52.453316]"
601,stmarys,St Mary’s parkrun,"[-2.760744, 50.729456]"
602,beverleywestwood,Beverley Westwood parkrun,"[-0.440675, 53.840255]"
603,herringtoncountry,Herrington Country parkrun,"[-1.476809, 54.876573]"
604,sixmilewater,Sixmilewater parkrun,"[-5.998945, 54.750004]"
605,theoldshowfield,The Old Showfield parkrun,"[-2.308238, 51.236186]"
606,tawdvalley,Tawd Valley parkrun,"[-2.775829, 53.550281]"
607,drumpelliercountry,Drumpellier Country parkrun,"[-4.065615, 55.871588]"
608,leazes,Leazes parkrun,"[-1.625633, 54.977078]"
609,babbsmill,Babbs Mill parkrun,"[-1.746034, 52.489833]"
610,rossonwye,Ross-on-Wye parkrun,"[-2.594417, 51.912943]"
611,stratfordparkstroud,"Stratford Park parkrun, Stroud","[-2.225007, 51.74897]"
612,mallardspike,Mallards Pike parkrun,"[-2.528555, 51.784666]"
613,squerryeswinery,Squerryes Winery parkrun,"[0.08667, 51.275986]"
614,deancastlecountrypark,Dean Castle Country Park parkrun,"[-4.482932, 55.622901]"
615,millhouses,Millhouses parkrun,"[-1.505027, 53.338516]"
616,kinggeorgevplayingfield,"King George V Playing Field parkrun, Cheltenham","[-2.110018, 51.901883]"
617,alderfordlake,Alderford Lake parkrun,"[-2.675436, 52.953181]"
618,mountstuart,Mount Stuart parkrun,"[-5.019453, 55.792888]"
619,milfordwaterfront,Milford Waterfront parkrun,"[-5.031507, 51.710763]"
620,cusworthhall,Cusworth Hall parkrun,"[-1.177617, 53.529479]"
621,brynaman,Brynaman parkrun,"[-3.869719, 51.808402]"
622,warwickracecourse,Warwick Racecourse parkrun,"[-1.595954, 52.280789]"
623,clevedonsalthousefields,Clevedon Salthouse Fields parkrun,"[-2.866505, 51.434573]"
624,ifieldmillpond,Ifield Mill Pond parkrun,"[-0.218863, 51.107508]"
625,theleas,"The Leas parkrun, Minster","[0.80213, 51.434038]"
626,hunstantonpromenade,Hunstanton Promenade parkrun,"[0.486526, 52.941684]"
627,universityofstirling,University of Stirling parkrun,"[-3.923762, 56.147968]"
628,jesmonddene,Jesmond Dene parkrun,"[-1.592839, 54.99188]"
629,uryriverside,Ury Riverside parkrun,"[-2.372062, 57.291953]"
630,jubilee,Jubilee parkrun,"[-1.604602, 54.701073]"
631,queensglasgow,"Queen’s parkrun, Glasgow","[-4.270076, 55.833509]"
632,salceyforest,Salcey Forest parkrun,"[-0.841556, 52.159223]"
633,irchestercountry,Irchester Country parkrun,"[-0.673649, 52.285076]"
634,capepembrokelighthouse,Cape Pembroke Lighthouse parkrun,"[-57.757716, -51.683211]"
635,tremorfa,Tremorfa parkrun,"[-3.132727, 51.486237]"
636,oriam,Oriam parkrun,"[-3.31715, 55.909754]"
637,oaklands,Oaklands parkrun,"[-1.818013, 52.466391]"
638,eastpark,East Park parkrun,"[-2.101975, 52.579042]"
639,landsend,Land’s End parkrun,"[-5.714096, 50.066127]"
640,sohamvillagecollege,Soham Village College parkrun,"[0.338064, 52.329737]"
641,sevenfields,Seven Fields parkrun,"[-1.781711, 51.586619]"
642,alexandra,"Alexandra parkrun, Moss Side","[-2.248827, 53.450142]"
643,brixworthcountry,Brixworth Country parkrun,"[-0.895675, 52.318576]"
644,agnew,Agnew parkrun,"[-5.0349, 54.908188]"
645,suttonmanor,Sutton Manor parkrun,"[-2.726901, 53.411392]"
646,novaprestatyn,Nova Prestatyn parkrun,"[-3.414183, 53.342126]"
647,chippingnortonschool,Chipping Norton School parkrun,"[-1.54029, 51.93812]"
648,levengrove,Levengrove parkrun,"[-4.57567, 55.940721]"
649,fulbournhospital,Fulbourn Hospital parkrun,"[0.186094, 52.184131]"
650,cosmestonlakes,Cosmeston Lakes parkrun,"[-3.185615, 51.418047]"
651,sandhurstmemorial,Sandhurst Memorial parkrun,"[-0.791694, 51.343825]"
652,wollatonhall,Wollaton Hall parkrun,"[-1.211018, 52.951893]"
653,lewscastle,Lews Castle parkrun,"[-6.396894, 58.207899]"
654,berkeleygreen,Berkeley Green parkrun,"[-2.497513, 51.690962]"
655,coedcefnpwlldu,Coed Cefn-pwll-du parkrun,"[-3.140954, 51.591855]"
656,wallaceneuk,Wallaceneuk parkrun,"[-2.448162, 55.585864]"
657,doddingtonhall,Doddington Hall parkrun,"[-0.650558, 53.222149]"
658,beacon,Beacon parkrun,"[-1.83863, 52.685891]"
659,bowlingpark,Bowling Park parkrun,"[-1.739889, 53.778303]"
660,greatyarmouthnorthbeach,Great Yarmouth North Beach parkrun,"[1.73892, 52.613141]"
661,rothaypark,Rothay Park parkrun,"[-2.969788, 54.431563]"
662,bolberrydown,Bolberry Down parkrun,"[-3.842329, 50.23197]"
663,wickfordmemorial,Wickford Memorial parkrun,"[0.535186, 51.619452]"
664,itchenvalleycountry,Itchen Valley Country parkrun,"[-1.341722, 50.944849]"
665,crawfordsburncountry,Crawfordsburn Country parkrun,"[-5.729434, 54.666682]"
666,chalkwellbeach,Chalkwell Beach parkrun,"[0.676231, 51.536925]"
667,knockbrackenreservoir,Knockbracken Reservoir parkrun,"[-5.892928, 54.524392]"
668,trelaipark,Trelai Park parkrun,"[-3.232766, 51.478969]"
669,faskallyforest,Faskally Forest parkrun,"[-3.767296, 56.7118]"
670,horspath,Horspath parkrun,"[-1.188165, 51.737281]"
671,greenfieldvalley,Greenfield Valley parkrun,"[-3.220992, 53.275044]"
672,churchmead,Church Mead parkrun,"[-0.614472, 51.667191]"
673,edgbastonreservoir,Edgbaston Reservoir parkrun,"[-1.936437, 52.476722]"
674,woodgatevalleycountrypark,Woodgate Valley Country Park parkrun,"[-2.005952, 52.449447]"
675,carlislepark,"Carlisle Park parkrun, Morpeth","[-1.691159, 55.165172]"
676,peel,Peel parkrun,"[-2.270682, 53.48759]"
677,bowerpark,Bower Park parkrun,"[-3.331244, 54.761523]"
678,chevinforest,Chevin Forest parkrun,"[-1.665858, 53.894133]"
679,robertspark,Roberts Park parkrun,"[-1.793275, 53.841468]"
680,centralplymouth,"Central parkrun, Plymouth","[-4.151031, 50.385099]"
681,penryncampus,Penryn Campus parkrun,"[-5.124008, 50.170244]"
682,henlowbridgelakes,Henlow Bridge Lakes parkrun,"[-0.268787, 52.030537]"
683,sharphamroadplayingfields,Sharpham Road Playing Fields parkrun,"[-2.793181, 51.279496]"
684,chiltonfields,Chilton Fields parkrun,"[0.975934, 52.197076]"
685,hillsboroughforest,Hillsborough Forest parkrun,"[-6.076662, 54.461336]"
686,garvaghforest,Garvagh Forest parkrun,"[-6.695537, 54.977416]"
687,storeysfield,Storeys Field parkrun,"[0.089579, 52.219098]"
688,grovefields,Grove Fields parkrun,"[-1.425256, 51.600059]"
689,watermeadcountrypark,Watermead Country Park parkrun,"[-1.103213, 52.690658]"
690,sutcliffe,Sutcliffe parkrun,"[0.026739, 51.454343]"
691,flegghigh,Flegg High parkrun,"[1.640492, 52.713022]"
692,sandringham,Sandringham parkrun,"[0.504942, 52.829752]"
693,broadwater,Broadwater parkrun,"[-0.598312, 51.197911]"
694,torvean,Torvean parkrun,"[-4.24886, 57.462669]"
695,harlestonmagpies,Harleston Magpies parkrun,"[1.295457, 52.384367]"
696,cranbrookcountrypark,Cranbrook Country Park parkrun,"[-3.417858, 50.750746]"
697,sandywater,Sandy Water parkrun,"[-4.174644, 51.680293]"
698,charlton,Charlton parkrun,"[0.041628, 51.480751]"
699,thegreatfield,The Great Field parkrun,"[-2.458095, 50.713642]"
700,swanley,Swanley parkrun,"[0.17519, 51.404175]"
701,chopwellwood,Chopwell Wood parkrun,"[-1.790884, 54.922026]"
702,thecindertrack,"The Cinder Track parkrun, Whitby","[-0.620751, 54.4779]"
703,buryfield,Bury Field parkrun,"[-0.728725, 52.088015]"
704,hamsterleyforest,Hamsterley Forest parkrun,"[-1.858786, 54.675593]"
705,altonwater,Alton Water parkrun,"[1.134021, 51.974806]"
706,markshallestate,Markshall Estate parkrun,"[0.673757, 51.897737]"
707,bartleypark,Bartley Park parkrun,"[-1.509865, 50.914371]"
708,westlinks,West Links parkrun,"[-2.602859, 56.551299]"
709,forfarloch,Forfar Loch parkrun,"[-2.908213, 56.642663]"
710,belvoircastle,Belvoir Castle parkrun,"[-0.786835, 52.894882]"
711,southall,Southall parkrun,"[-0.36957, 51.509737]"
712,talkintarncountrypark,Talkin Tarn Country Park parkrun,"[-2.707392, 54.924753]"
713,marineparade,Marine Parade parkrun,"[-2.983828, 51.334997]"
714,greatsalterns,Great Salterns parkrun,"[-1.046606, 50.809385]"
715,ancholmevalleyway,Ancholme Valley Way parkrun,"[-0.496441, 53.553676]"
716,northwalsham,North Walsham parkrun,"[1.391589, 52.818216]"
717,universityparks,University Parks parkrun,"[-1.251068, 51.761468]"
718,trenthamgardens,Trentham Gardens parkrun,"[-2.199424, 52.963874]"
719,downhammarketacademy,Downham Market Academy parkrun,"[0.389471, 52.6034]"
720,northyorkshirewaterpark,North Yorkshire Water Park parkrun,"[-0.482836, 54.227812]"
721,rendleshamforest,Rendlesham Forest parkrun,"[1.428606, 52.083267]"
722,frogmarygreenfarm,Frogmary Green Farm parkrun,"[-2.824426, 50.941688]"
723,derrynoidforest,Derrynoid Forest parkrun,"[-6.810505, 54.802964]"
724,ashbournerecreationground,Ashbourne Recreation Ground parkrun,"[-1.727477, 53.018719]"
725,dunleathplayingfields,Dunleath Playing Fields parkrun,"[-5.718077, 54.323473]"
726,durlstoncountrypark,Durlston Country Park parkrun,"[-1.954023, 50.595211]"
727,hastingshighschool,Hastings High School parkrun,"[-1.356127, 52.53526]"
728,edenbrookcountry,Edenbrook Country parkrun,"[-0.867088, 51.280199]"
729,ruthinmemorialplayingfields,Ruthin Memorial Playing Fields parkrun,"[-3.317265, 53.115985]"
730,elderpark,Elder Park parkrun,"[-4.32197, 55.863235]"
731,motepark,Mote Park parkrun,"[0.541967, 51.269539]"
732,largsprom,Largs Prom parkrun,"[-4.873064, 55.802062]"
733,bramshallroad,Bramshall Road parkrun,"[-1.871048, 52.895262]"
734,llanishenpark,Llanishen Park parkrun,"[-3.196302, 51.529533]"
735,chippenhamplayingfields,"Chippenham Playing Fields parkrun, Monmouth","[-2.718161, 51.80783]"
736,tidworth,Tidworth parkrun,"[-1.667571, 51.224947]"
737,mildenhallhub,Mildenhall Hub parkrun,"[0.499399, 52.342792]"
738,alderleypark,Alderley Park parkrun,"[-2.231854, 53.2793]"
739,holyrood,Holyrood parkrun,"[-3.162844, 55.952167]"
740,limeparkplayingfields,Limepark Playing Fields parkrun,"[-6.32179, 55.123827]"
741,palaceriggcountry,Palacerigg Country parkrun,"[-3.949289, 55.937089]"
742,leavesdencountry,Leavesden Country parkrun,"[-0.403599, 51.704924]"
743,maryportprom,Maryport Prom parkrun,"[-3.50107, 54.7171]"
744,erskinewaterfront,Erskine Waterfront parkrun,"[-4.447774, 55.907749]"
745,paviliongardens,Pavilion Gardens parkrun,"[-1.918759, 53.254611]"
746,lordshiprecreationground,Lordship Recreation Ground parkrun,"[-0.086951, 51.594341]"
747,gangerfarm,Ganger Farm parkrun,"[-1.464821, 51.009374]"
748,marketbosworthcountrypark,Market Bosworth Country Park parkrun,"[-1.391946, 52.623664]"
749,wolfordwood,Wolford Wood parkrun,"[-1.655677, 51.995091]"
750,auldcathiedistrict,Auldcathie District parkrun,"[-3.477658, 55.963327]"
751,stockleycountry,Stockley Country parkrun,"[-0.458739, 51.51492]"
752,yarboroughleisurecentre,Yarborough Leisure Centre parkrun,"[-0.542854, 53.247281]"
753,beaconhillcountrypark,Beacon Hill Country Park parkrun,"[-1.233675, 52.730411]"
754,philipspark,Philips Park parkrun,"[-2.192484, 53.488346]"
755,sharphamestate,Sharpham Estate parkrun,"[-3.682105, 50.424904]"
756,abbeypark,Abbey Park parkrun,"[-1.132222, 52.645191]"
757,wynyardwoodland,Wynyard Woodland parkrun,"[-1.378363, 54.612497]"
758,blaisecastle,Blaise Castle parkrun,"[-2.632932, 51.505672]"
759,thamespathwoolwich,"Thames Path parkrun, Woolwich","[0.076671, 51.49615]"
760,thornhamwalks,Thornham Walks parkrun,"[1.077504, 52.304311]"
761,dentondene,Denton Dene parkrun,"[-1.694872, 54.977492]"
762,oldrailwaytrailllangollen,"Old Railway Trail parkrun, Llangollen","[-3.160221, 52.97016]"
763,universityofnorthampton,University of Northampton parkrun,"[-0.886741, 52.230017]"
764,teifimarshesnaturereserve,Teifi Marshes Nature Reserve parkrun,"[-4.648047, 52.073638]"
765,ashingtoncommunitywoodland,Ashington Community Woodland parkrun,"[-1.572397, 55.190433]"
766,doverwaterfront,Dover Waterfront parkrun,"[1.313027, 51.119994]"
767,holbrooks,Holbrooks parkrun,"[-1.509052, 52.439154]"
768,aberfields,Aberfields parkrun,"[-3.538198, 51.614631]"
769,wisbech,Wisbech parkrun,"[0.166294, 52.666891]"
770,thorpperrow,Thorp Perrow parkrun,"[-1.6042, 54.261285]"
771,quakerswalk,Quakers Walk parkrun,"[-1.99217, 51.355501]"
772,whitekirkhill,Whitekirk Hill parkrun,"[-2.644542, 56.033364]"
773,muncastercastle,Muncaster Castle parkrun,"[-3.388267, 54.357004]"
774,sillothpromenade,Silloth Promenade parkrun,"[-3.387605, 54.873987]"
775,clarence,Clarence parkrun,"[-2.289921, 53.604665]"
776,sencevalleyforestpark,Sence Valley Forest Park parkrun,"[-1.408816, 52.696067]"
777,fivearches,Five Arches parkrun,"[-2.452787, 51.292354]"
778,baysgarthpark,Baysgarth Park parkrun,"[-0.43856, 53.679399]"
779,tamworthcastlegrounds,Tamworth Castle Grounds parkrun,"[-1.695214, 52.630232]"
780,thonocklanefarm,Thonock Lane Farm parkrun,"[-0.763594, 53.421158]"
781,worden,Worden parkrun,"[-2.69437, 53.68129]"
782,carlingwarkloch,Carlingwark Loch parkrun,"[-3.927163, 54.934903]"
783,riversidewalk,Riverside Walk parkrun,"[-3.127035, 52.075981]"
784,battlesteadcroft,Battlestead Croft parkrun,"[-1.683952, 52.78924]"
785,brunswickpark,Brunswick Park parkrun,"[-2.009344, 52.556155]"
786,montaltoestate,Montalto Estate parkrun,"[-5.899066, 54.393274]"
787,wakehurst,Wakehurst parkrun,"[-0.088633, 51.066755]"
788,cycleroute43ystalyfera,"Cycle Route 43 parkrun, Ystalyfera","[-3.789728, 51.755941]"
789,thefishermanswalk,The Fisherman‘s Walk parkrun,"[-6.481169, 54.868789]"
790,fulwellquarry,Fulwell Quarry parkrun,"[-1.396723, 54.9329]"
791,morden,Morden parkrun,"[-0.208072, 51.392759]"
792,ypromenad,"Y Promenâd parkrun, Aberhonddu","[-3.401145, 51.950753]"
793,bughunterwaters,Bug Hunter Waters parkrun,"[0.065252, 52.28625]"
794,mallingrec,Malling Rec parkrun,"[0.011973, 50.880478]"
795,ypromenadabermaw,"Y Promenâd parkrun, Abermaw","[-4.056196, 52.7208]"
796,theplens,The Plens parkrun,"[-0.81857, 52.446215]"
797,threebrooks,Three Brooks parkrun,"[-2.53918, 51.531366]"
798,withernseapromenade,Withernsea Promenade parkrun,"[0.038024, 53.728574]"
799,dereham,Dereham parkrun,"[0.96988, 52.684276]"
800,skinadin,Skinadin parkrun,"[-5.941175, 57.259099]"
801,crinancanal,Crinan Canal parkrun,"[-5.554954, 56.090978]"
802,paisleypark,Paisley Park parkrun,"[-5.972965, 54.604634]"
803,battersea,Battersea parkrun,"[-0.160095, 51.478869]"
804,simmonspark,Simmons Park parkrun,"[-3.996543, 50.734898]"
805,cockermouthgreenway,Cockermouth Greenway parkrun,"[-3.356998, 54.659659]"
806,ingrebournehill,Ingrebourne Hill parkrun,"[0.194266, 51.527042]"
807,birchallplayingfields,Birchall Playing Fields parkrun,"[-2.024607, 53.093328]"
808,blackrocks,Black Rocks parkrun,"[-1.56564, 53.098298]"
809,oaklandscollege,Oaklands College parkrun,"[-0.288522, 51.754303]"
810,greendalefarmshop,Greendale Farm Shop parkrun,"[-3.398836, 50.703157]"
811,vicarwatercountrypark,Vicar Water Country Park parkrun,"[-1.120002, 53.158738]"
